<?xml version="1.0" encoding="UTF-8"?>
<beans:beans xmlns="http://www.springframework.org/schema/mvc"
	xmlns:xsi="http://www.w3.org/2001/XMLSchema-instance"
	xmlns:beans="http://www.springframework.org/schema/beans"
	xmlns:context="http://www.springframework.org/schema/context"
	xsi:schemaLocation="http://www.springframework.org/schema/mvc https://www.springframework.org/schema/mvc/spring-mvc.xsd
		http://www.springframework.org/schema/beans https://www.springframework.org/schema/beans/spring-beans.xsd
		http://www.springframework.org/schema/context https://www.springframework.org/schema/context/spring-context.xsd">

	<!-- DispatcherServlet Context: defines this servlet's request-processing infrastructure -->
	
	<!-- Enables the Spring MVC @Controller programming model -->
	<annotation-driven />

	<!-- Handles HTTP GET requests for /resources/** by efficiently serving up static resources in the ${webappRoot}/resources directory -->
	<resources mapping="/resources/**" location="/resources/" />
	
	<!-- CSS -->
	<resources mapping="/css/**" location="/resources/css/" />
	
	<!-- javascript -->
	<resources mapping="/js/**" location="/resources/js/" />
	
	<!-- layout image -->
	<resources mapping="/img/**" location="/resources/img/" />
	
	<!-- webjars -->
	<resources mapping="/webjars/**" location="classpath:/META-INF/resources/webjars/"/>
	
	<!-- webjars : bootstrap 5.1.3 -->
	<resources mapping="/bootstrap/**" location="classpath:/META-INF/resources/webjars/bootstrap/" />
	
	<!-- webjars : bootstrap 4.6.1 bundle -->
	<resources mapping="/bootstrap4/**" location="classpath:/META-INF/resources/webjars/bootstrap/4.6.1/" />
	
	<!-- webjars : jQuery 3.6.0 -->
	<resources mapping="/jquery/**" location="classpath:/META-INF/resources/webjars/jquery/" />
	
	<!-- webjars : popper 2.9.3 -->
	<resources mapping="/popper/**" location="classpath:/META-INF/resources/webjars/popper.js/" />
	
	<!-- product image (upload) -->
	<resources mapping="/product_images/**" location="file:///E:/lsh/works/project2/upload/product_images/" />
	
	<!-- Resolves views selected for rendering by @Controllers to .jsp resources in the /WEB-INF/views directory -->
	<beans:bean class="org.springframework.web.servlet.view.InternalResourceViewResolver">
		<!-- <beans:property name="prefix" value="/WEB-INF/views/" /> -->
		<beans:property name="prefix" value="/jsp/" />
		<beans:property name="suffix" value=".jsp" />
	</beans:bean>
	
	<!-- <context:component-scan base-package="com.javateam.project" /> -->
	
	<context:component-scan base-package="com.javateam.project">
		<context:include-filter type="annotation" expression="org.springframework.stereotype.Component"/>
		<context:include-filter type="annotation" expression="org.springframework.stereotype.Repository"/>
		<context:include-filter type="annotation" expression="org.springframework.stereotype.Service"/>
		<context:include-filter type="annotation" expression="org.springframework.stereotype.Controller"/>
		<context:include-filter type="annotation" expression="org.springframework.web.bind.annotation.RestController"/>
	</context:component-scan>
	
	<!-- Interceptor : 관리자/회원 인증 -->
	<interceptors>
	
	    <!-- admin -->
		<interceptor>
			<mapping path="/admin/**"/>			
			<beans:bean class="com.javateam.project.interceptor.AdminInterceptor" />
		</interceptor>
		
	 	<!-- member(user, admin) -->
		<interceptor>
			<mapping path="/member/member_info" />			
			<mapping path="/member/member_update" />
			<mapping path="/member/member_inactive" />
			<mapping path="/cart/**"/>
			<mapping path="/order/**"/>
			<beans:bean class="com.javateam.project.interceptor.MemberInterceptor" />
		</interceptor>
		
	</interceptors>
	
</beans:beans>
